Residue,NCPR
625,0.0
626,0.0
627,0.0
628,0.0
629,-0.2
630,-0.2
631,-0.2
632,-0.4
633,-0.4
634,-0.2
635,-0.4
636,-0.4
637,-0.4
638,-0.4
639,-0.4
640,-0.2
641,-0.2
642,0.0
643,0.0
644,0.0
645,0.0
646,0.0
647,0.0
648,0.2
649,0.2
650,0.4
651,0.6
652,0.6
653,0.4
654,0.4
655,0.2
656,0.0
657,0.0
658,0.2
659,0.2
660,0.2
661,0.2
662,0.2
663,0.0
664,0.0
665,0.0
666,0.0
667,0.0
668,-0.2
669,-0.2
670,-0.2
671,-0.4
672,-0.4
673,-0.2
674,0.0
675,0.0
676,0.4
677,0.2
678,0.2
679,0.0
680,0.0
681,-0.2
682,0.0
683,-0.2
684,0.0
685,0.0
686,0.0
687,-0.2
688,0.0
689,-0.4
690,-0.4
691,-0.4
692,-0.2
693,0.0
694,0.2
695,0.2
696,0.2
697,0.2
698,0.0
699,-0.2
700,-0.4
701,-0.6
702,-0.6
703,-0.6
704,-0.6
705,-0.4
706,-0.2
707,-0.2
708,-0.2
709,0.0
710,0.2
711,0.2
712,0.0
713,0.0
714,0.0
715,-0.2
716,-0.2
717,0.0
718,0.0
719,0.0
720,0.0
721,0.0
722,0.0
723,0.0
724,0.0
725,0.0
726,-0.2
727,0.0
728,0.2
729,0.2
730,0.4
731,0.6
732,0.4
733,0.2
734,0.2
735,0.0
736,0.0
737,0.0
738,0.0
739,0.0
740,0.2
741,0.2
742,0.4
743,0.4
744,0.4
745,0.4
746,0.6
747,0.4
748,0.4
749,0.4
750,0.2
751,0.0
752,0.0
753,0.0
754,0.0
755,0.0
756,0.2
757,0.0
758,0.0
759,0.0
760,0.0
761,-0.2
762,0.0
763,0.2
764,0.2
765,0.2
766,0.2
767,0.4
768,0.4
769,0.4
770,0.2
771,0.2
772,0.0
773,-0.2
774,-0.2
775,0.0
776,0.0
777,0.0
778,0.0
779,0.0
780,-0.2
781,-0.2
782,-0.4
783,-0.4
784,-0.4
785,-0.2
786,-0.2
787,0.0
788,0.0
789,-0.2
790,-0.2
791,-0.2
792,-0.2
793,-0.2
794,0.0
795,0.0
796,0.0
797,0.0
798,0.0
799,-0.2
800,0.0
801,0.0
802,0.0
803,0.0
804,0.0
805,-0.4
806,-0.6
807,-0.6
808,-0.6
809,-0.4
810,-0.2
811,0.0
812,0.0
813,0.0
814,0.0
815,0.0
816,0.0
817,0.0
818,0.0
819,-0.2
820,-0.4
821,-0.4
822,-0.4
823,0.0
824,0.0
